NAME	TITLE	SCORE	
Rank		180.0	
UBC		176.77	
APP		53.68	
CALM3		43.47	
FN1		42.26	
ESR1		33.4	
TP53		33.35	
MDM2		31.71	
HSP90AA1		29.9	
UBA52		29.66	
EGFR		29.62	
EEF1A1		28.15	
YWHAZ		27.88	
FAU		27.23	
RPS3		25.67	
ACTB		24.27	
RPL4		23.35	
RPLP0		22.83	
UBB		22.78	
GABARAPL2		22.56	
HDAC1		22.39	
RPL6		22.14	
RPL11		22.13	
RPS7		22.1	
JUN		21.87	
RPL8		21.31	
RPS5		21.3	
PIK3R1		20.91	
RAC1		20.57	
RPL5		20.52	
RPS13		20.29	
RPS9		20.2	
RPL35		20.17	
CTNNB1		20.12	
EEF2		20.11	
RPS6		20.0	
NPM1		19.94	
RPL7A		19.93	
RPL3		19.92	
RPS20		19.89	
RPS16		19.85	
RPS24		19.65	
RPL12		19.64	
RPLP1		19.56	
RPL30		19.51	
RPL19		19.49	
PCNA		19.39	
RPS8		19.36	
RPS15A		19.25	
RPL10A		19.17	
RPS14		19.15	
RPS17		19.13	
RPL18A		19.01	
EP300		18.92	
RPL27		18.87	
RPL24		18.82	
RPL7		18.69	
PIK3CA		18.64	
HSPA8		18.57	
RPS3A		18.49	
RPSA		18.44	
RPS10		18.32	
FOS		18.24	
RPL23		18.21	
RPL18		18.18	
HSP90AB1		18.14	
CDKN1A		18.1	
RPS23		18.08	
RPS19		17.95	
BRCA1		17.88	
RPS29		17.75	
RPL31		17.74	
RPS4X		17.71	
GAPDH		17.64	
MAP1LC3A		17.62	
RPS21		17.62	
RPS11		17.61	
TSPO		17.51	
RPL13A		17.5	
HNRNPK		17.49	
RPL38		17.48	
RPS27A		17.47	
RPL13		17.39	
RPL10		17.39	
RPS2		17.35	
RPL15		17.34	
HRAS		17.31	
RPL36		17.27	
RPL27A		17.21	
RPS15		17.18	
CAND1		17.05	
RPS18		16.97	
CNBP		16.88	
ACTG1		16.8	
PLCG1		16.78	
RPLP2		16.67	
RPL35A		16.55	
CDKN2A		16.44	
RPS25		16.41	
RPL37A		16.39	
RPL34		16.18	
CREBBP		15.97	
RPL29		15.95	
PSMC3		15.94	
RPL28		15.94	
RPL26		15.88	
RPS28		15.84	
EIF3I		15.73	
EEF1B2		15.68	
RPS27		15.63	
POLR2B		15.51	
YWHAQ		15.5	
H2AFX		15.38	
RPL23A		15.24	
YWHAE		15.03	
RPS12		14.9	
RHOA		14.88	
CDC42		14.77	
HBA2		14.77	
DDX5		14.71	
CDK4		14.66	
RPL21		14.6	
RPL39		14.59	
PAN2		14.52	
HLA-B		14.51	
YWHAG		14.4	
RUVBL2		14.37	
AR		14.06	
RPL32		14.03	
PARK2		14.01	
EIF4H		13.85	
HIF1A		13.68	
RPS4Y1		13.56	
VIM		13.3	
RPL41		13.14	
NOTCH1		13.14	
PKM		13.06	
RNPS1		12.65	
HSPA5		12.52	
ERBB2		12.47	
RPS26		12.47	
RB1		12.45	
PTPN11		12.43	
CD44		12.38	
EIF1AY		12.35	
PTEN		12.23	
CCT2		12.18	
TPT1		12.07	
SMARCA4		11.95	
POLR2G		11.77	
SEC61G		11.67	
FTL		11.67	
SEC61B		11.63	
IFNG		11.62	
CCNB1		11.57	
DDOST		11.57	
GNAI2		11.55	
MTOR		11.45	
RPN1		11.4	
HNRNPA2B1		11.32	
SRP14		11.3	
HNRNPA1		11.28	
CCT4		11.2	
KRAS		11.09	
PRKCB		11.04	
CDK5		10.97	
GNAS		10.91	
PRNP		10.84	
SNRPD2		10.75	
FLNA		10.73	
COPS6		10.67	
RPL36AL		10.65	
NOP56		10.64	
MMP9		10.54	
RPS27L		10.54	
GRIN2B		10.47	
SPCS1		10.35	
ENO1		10.33	
TUBA1A		10.29	
PIK3CG		10.29	
ADCY2		10.29	
ATM		10.26	
NME1		10.22	
PAK2		10.19	
RPN2		10.19	
CD81		10.16	
YBX1		10.06	
SNRPG		9.99	
DYNLL1		9.96	
BMI1		9.91	
SRP72		9.87	
DNAJA1		9.78	
EIF2B5		9.73	
CCT3		9.68	
COL1A1		9.67	
EIF1		9.66	
VAV1		9.65	
TOP1		9.63	
TUFM		9.62	
SNRPD1		9.52	
CANX		9.51	
IGF1R		9.44	
PARK7		9.43	
YWHAB		9.4	
ANXA1		9.27	
PSMB4		9.24	
TUBB		9.14	
PABPC1		9.13	
PCBP1		9.13	
SNRPB		9.1	
CUL4A		9.1	
COL1A2		9.07	
PSMA7		9.04	
SNRPE		9.04	
TOMM7		9.01	
NONO		8.92	
CCT7		8.87	
ILF2		8.83	
ATR		8.83	
CALR		8.79	
SNRNP200		8.78	
MAPRE1		8.74	
ISG15		8.74	
NOS3		8.62	
PGK1		8.57	
TK1		8.56	
EIF5A		8.56	
PLCG2		8.55	
SOD1		8.54	
PAK1		8.46	
SEC61A1		8.45	
XRCC6		8.41	
HDAC9		8.38	
HINT1		8.31	
SOX2		8.3	
TXN		8.3	
NFX1		8.28	
SET		8.28	
TRIM28		8.26	
DDX56		8.26	
HIST1H3J		8.2	
ADCY1		8.15	
PRDX1		8.08	
ADCY5		8.07	
HGF		8.04	
CACNA1A		8.03	
GNAI1		8.03	
CYCS		7.99	
APC		7.99	
B2M		7.98	
EZR		7.96	
ITGB3		7.95	
APEX1		7.93	
POLR2L		7.91	
KDR		7.81	
NCAM1		7.81	
A2M		7.78	
POLR1B		7.75	
COX7C		7.73	
HLA-A		7.73	
ITGA2B		7.72	
DNAH8		7.7	
TAF1		7.69	
UQCRH		7.68	
TCF3		7.68	
CCT6A		7.64	
GNB1		7.63	
THBS1		7.62	
FTH1		7.59	
YWHAH		7.58	
ANXA2		7.56	
TF		7.51	
MAPK10		7.48	
ITGA2		7.45	
RGS2		7.45	
P4HB		7.44	
PLEC		7.34	
MCL1		7.33	
PSMB6		7.28	
HSPB1		7.25	
SMARCA2		7.23	
APOE		7.23	
IKBKB		7.22	
ADCY9		7.21	
PLAU		7.17	
LRRK2		7.17	
GRIN1		7.16	
TP63		7.15	
ALDOA		7.13	
TADA2A		7.11	
SRRM2		7.1	
NTS		7.1	
MRPS16		7.09	
PFDN5		7.09	
PPIA		7.08	
PHB2		7.06	
MSN		7.03	
AATF		7.01	
GFAP		6.96	
PRPF8		6.96	
MDN1		6.95	
DCUN1D1		6.95	
UQCRQ		6.91	
TERT		6.91	
SMARCD1		6.9	
PDIA3		6.9	
RFC2		6.9	
CDK6		6.84	
VBP1		6.84	
CCL5		6.79	
CASR		6.78	
MET		6.77	
CHEK2		6.76	
HSP90B1		6.75	
SERPINE1		6.72	
GSTP1		6.66	
LIG4		6.66	
PSMB5		6.65	
PSMB1		6.57	
COL3A1		6.57	
KIT		6.57	
NDUFS5		6.56	
VWF		6.56	
TIMP1		6.54	
HLA-C		6.53	
TRRAP		6.52	
MGMT		6.51	
DCTN2		6.41	
ERBB4		6.4	
PSME1		6.36	
COL14A1		6.34	
ARF1		6.32	
RAP1B		6.32	
EIF3C		6.32	
MIF		6.31	
CAPZB		6.28	
SNRPC		6.28	
MDH2		6.27	
JUNB		6.26	
APOB		6.26	
LRP1		6.24	
ITGB6		6.2	
NDUFA4		6.2	
HSPG2		6.19	
GADD45A		6.19	
SH3KBP1		6.18	
COX7A2		6.15	
COL4A1		6.15	
SPP1		6.11	
TSC1		6.1	
NPSR1		6.09	
CD36		6.08	
TPX2		6.06	
GOT1		6.04	
SDC3		6.04	
HSD17B10		6.03	
TUBA1B		6.01	
EGR1		6.0	
CFL1		6.0	
MSH6		5.99	
TYROBP		5.98	
LDHA		5.94	
PPP1CB		5.93	
HLA-DRB1		5.93	
DOCK4		5.92	
GNA15		5.92	
NCOR1		5.91	
MEPCE		5.91	
LSM2		5.9	
TIAM1		5.88	
NDUFA1		5.87	
COL5A1		5.86	
LPL		5.84	
OGDH		5.84	
PFN1		5.8	
S100A4		5.79	
C3		5.75	
TGM2		5.74	
PSMB3		5.74	
LSM7		5.73	
FLT1		5.72	
CCND2		5.71	
SPARC		5.71	
PSMD8		5.7	
NDUFB11		5.64	
CTNND1		5.64	
CTSD		5.62	
UQCR11		5.62	
DMD		5.6	
STX1A		5.6	
PSMB7		5.59	
PTTG1		5.58	
MED12		5.58	
DYNC1I2		5.58	
TOP2B		5.58	
HDLBP		5.57	
NCOR2		5.56	
PPIB		5.55	
AP2M1		5.55	
SUMO4		5.55	
OAZ1		5.55	
CYC1		5.54	
TTN		5.53	
BDKRB1		5.49	
ITGA11		5.47	
PTPRC		5.47	
CLU		5.46	
TPI1		5.46	
SLC25A5		5.45	
NMU		5.45	
ENO2		5.44	
ABCF2		5.42	
NPY		5.42	
FCER1G		5.42	
COL6A3		5.41	
CD74		5.4	
AKAP9		5.38	
COX5B		5.36	
ELN		5.36	
CCL2		5.36	
COX6B1		5.35	
MGP		5.33	
DCC		5.32	
VCAN		5.31	
IGFBP3		5.3	
NDUFA2		5.29	
LYZ		5.28	
HUWE1		5.27	
COL11A1		5.25	
PAICS		5.25	
TUBB4B		5.24	
CTSB		5.22	
RUNX2		5.22	
COX5A		5.2	
ABCB1		5.19	
GNB2		5.18	
UQCR10		5.16	
PRDX2		5.12	
S1PR4		5.11	
ASPM		5.11	
SLC25A6		5.08	
PRKD1		5.06	
SPTBN1		5.04	
ACE		5.02	
RUNX1		5.01	
NRCAM		4.98	
COL4A2		4.98	
NDUFA8		4.98	
LIMK1		4.97	
LAMA1		4.96	
SF3B5		4.95	
ARAF		4.92	
ATRX		4.91	
GTF3A		4.88	
CDC25C		4.88	
CD63		4.87	
ZFP36		4.87	
ATF4		4.87	
IFNB1		4.87	
MKI67		4.86	
IRS2		4.84	
FANCA		4.84	
PRDX4		4.83	
NCOA6		4.83	
PGAM2		4.82	
FAS		4.79	
TUBB2A		4.76	
LDHB		4.75	
MBP		4.75	
CD14		4.74	
CEP290		4.74	
NDUFV2		4.73	
BTF3		4.71	
NDUFS8		4.69	
ZYX		4.68	
NDUFB7		4.66	
TFDP1		4.66	
BRAF		4.65	
LAMB1		4.65	
COX4I1		4.64	
DNAJC8		4.63	
ACTA2		4.63	
COL6A1		4.62	
ITPR1		4.62	
RYR1		4.61	
PDGFRA		4.61	
COL6A2		4.6	
ANXA5		4.59	
LGALS1		4.58	
TAF10		4.58	
ACACB		4.57	
ARHGDIA		4.56	
APLP1		4.56	
MRPS33		4.56	
SOCS3		4.56	
INPP5D		4.54	
MDM4		4.53	
NPS		4.52	
RHOB		4.52	
NDUFA7		4.51	
UCHL1		4.5	
S100B		4.5	
MTA1		4.48	
RYR3		4.48	
CAMK2B		4.46	
LILRB2		4.46	
NDUFB3		4.46	
BCAP31		4.45	
PTN		4.44	
NDUFB2		4.41	
MYH11		4.41	
CDC40		4.41	
HIST2H2AA4		4.4	
ATN1		4.39	
SMARCD3		4.39	
MYLK		4.39	
COL4A4		4.38	
PRKD2		4.37	
ING1		4.37	
HIST1H2BH		4.35	
FBN1		4.34	
PTGES3		4.33	
RYR2		4.32	
MMP14		4.3	
FKBP1A		4.29	
FXR1		4.27	
CETN2		4.27	
GJA1		4.27	
TEC		4.26	
HCLS1		4.23	
MED10		4.22	
TUBB4A		4.21	
GTF2I		4.21	
COL4A6		4.21	
AGT		4.19	
BRCA2		4.17	
DDIT3		4.17	
SPEN		4.16	
ANAPC7		4.14	
CACNA1C		4.14	
GRPEL1		4.13	
DLG3		4.13	
HMOX1		4.13	
CKS2		4.12	
F3		4.11	
F5		4.1	
DLG2		4.08	
TSC2		4.07	
NOS1		4.07	
GRN		4.06	
ANK1		4.06	
EEF1A2		4.05	
RNASEH2A		4.03	
GCK		4.03	
LAMC3		4.03	
CNTN2		4.02	
PGAM1		4.02	
LNX1		4.02	
SVIL		4.01	
CD9		4.01	
NOTCH2		4.01	
S100A9		4.0	
SHC2		3.99	
CACNA1B		3.99	
WDR18		3.99	
TOMM20		3.97	
TCERG1		3.95	
BGN		3.95	
C1QB		3.94	
PCNT		3.93	
CENPN		3.93	
CYP2E1		3.93	
GNA11		3.93	
COX6A1		3.93	
BANF1		3.92	
ERCC1		3.92	
MYL6		3.92	
HMGA1		3.92	
ITPR3		3.91	
PTPRZ1		3.9	
PRKG1		3.9	
LAPTM5		3.89	
PF4		3.89	
HLA-DRB5		3.89	
UBL5		3.89	
COL5A3		3.88	
ATP1A2		3.86	
NDUFB10		3.86	
GRIN2A		3.85	
SLIRP		3.85	
JUND		3.84	
PDGFA		3.83	
KIF18A		3.83	
TAF7		3.81	
FLT4		3.81	
S100A10		3.79	
NF1		3.77	
DDX52		3.76	
OCRL		3.76	
PTGER1		3.75	
UBR5		3.75	
LAMA2		3.74	
ECHS1		3.74	
GTF2H2		3.72	
PTGFR		3.72	
S100A6		3.72	
TIMM8B		3.72	
C1R		3.71	
MMP7		3.71	
SPTA1		3.7	
ERH		3.7	
DNAJB1		3.68	
LTF		3.68	
CA2		3.68	
COL15A1		3.67	
LRP2		3.67	
TIPIN		3.66	
KISS1		3.66	
CRYAB		3.65	
LAMA3		3.62	
CAP1		3.62	
FCGR3A		3.61	
ANK2		3.6	
YEATS4		3.6	
CALCR		3.59	
PLA2G2A		3.58	
ARPC1A		3.58	
DVL3		3.57	
USP15		3.56	
FLNB		3.54	
PPY		3.54	
PHF8		3.54	
GLUL		3.54	
NUP107		3.52	
RAB7A		3.51	
GRB10		3.49	
TNK2		3.49	
SERPING1		3.48	
CXCL3		3.48	
NTRK3		3.48	
IGFBP1		3.47	
CEP152		3.46	
NCAN		3.46	
FLNC		3.45	
SOX9		3.45	
RASGRP1		3.44	
SAR1B		3.44	
BAZ1B		3.43	
ITSN2		3.43	
CCL16		3.43	
NES		3.42	
EIF4G2		3.42	
UBE2L6		3.41	
IFNA13		3.41	
ACTR6		3.4	
ATP1A1		3.4	
MYH6		3.4	
ARHGDIB		3.39	
GDI1		3.39	
GANAB		3.39	
GRIP1		3.39	
FAF1		3.38	
FBP1		3.38	
DUSP1		3.37	
CSDE1		3.37	
NRG1		3.37	
PIK3C2B		3.37	
PKD1		3.36	
SAT1		3.35	
MLLT3		3.35	
NOP10		3.34	
TMED10		3.34	
PDIA4		3.34	
CACNA1S		3.34	
STAG2		3.33	
RNASE1		3.33	
RHEB		3.33	
PIK3C2G		3.33	
ARHGEF7		3.32	
POLD2		3.31	
CACNG3		3.3	
GPC1		3.29	
CPSF6		3.29	
VKORC1		3.29	
CACNA1D		3.28	
ALMS1		3.28	
ATP4A		3.28	
SPTB		3.26	
UBE2M		3.26	
COL12A1		3.25	
LGALS3BP		3.25	
MYH2		3.24	
SSTR4		3.24	
BIN1		3.23	
CAPZA2		3.23	
ESPL1		3.23	
PCBD1		3.22	
FIP1L1		3.22	
TUBGCP3		3.21	
NUP214		3.21	
LONP1		3.21	
SCD		3.2	
GRM1		3.2	
GPX4		3.2	
PFN2		3.2	
RIF1		3.17	
EDF1		3.17	
DYSF		3.17	
ACVR1		3.16	
MBD3		3.16	
SRP9		3.16	
PLP2		3.16	
STRAP		3.14	
ID2		3.14	
CCL27		3.13	
GHRH		3.12	
LGALS3		3.12	
C1QA		3.12	
GLI1		3.12	
PSAP		3.12	
KCNQ1		3.11	
IDH1		3.11	
PRDX6		3.1	
MAGI2		3.1	
EFEMP1		3.1	
DAD1		3.09	
FRS2		3.09	
MYH1		3.09	
TAT		3.09	
TUBGCP2		3.08	
DLGAP1		3.07	
RUNX3		3.07	
ARHGAP5		3.07	
CTR9		3.07	
MRPL18		3.06	
OXT		3.06	
TIMM44		3.06	
IRS4		3.05	
HCAR2		3.05	
TSFM		3.04	
CAPNS1		3.04	
EP400		3.04	
GNG5		3.03	
NPW		3.03	
NPB		3.03	
CEP135		3.03	
GSTO1		3.03	
IGFBP5		3.02	
MAP2		3.02	
DSP		3.02	
CDKN2C		3.01	
ITGAX		3.0	
FBLN2		2.99	
GNG8		2.98	
HOXA9		2.98	
STK17A		2.97	
PLCZ1		2.97	
PYGB		2.97	
MDK		2.96	
ARID1A		2.96	
ANK3		2.96	
ARPC3		2.95	
KCNQ3		2.95	
NAGPA		2.94	
COL19A1		2.94	
CROT		2.93	
SLC4A1		2.93	
RBBP5		2.92	
NCF1		2.92	
CACNA1H		2.92	
CFD		2.91	
CHMP2A		2.91	
NR4A2		2.9	
PTPRD		2.9	
BSG		2.9	
CACNA1I		2.9	
TCF12		2.9	
HOXA1		2.89	
TAF15		2.88	
CD163		2.88	
TNC		2.87	
GNL3L		2.87	
PCBD2		2.86	
CACNA1F		2.86	
TRPV1		2.86	
AVP		2.86	
HCFC1		2.85	
UBE2V2		2.85	
IFNA2		2.84	
EDA		2.83	
XPC		2.83	
PGRMC1		2.83	
PFDN2		2.83	
DPYSL2		2.82	
LAMP1		2.82	
CCL4		2.82	
GP9		2.82	
HLA-DRA		2.8	
HUS1		2.8	
HCN2		2.8	
HOPX		2.79	
COL24A1		2.79	
TIMP2		2.79	
BCAN		2.78	
GLUD1		2.78	
SPTBN4		2.78	
COX8A		2.78	
RAB1B		2.78	
MECOM		2.77	
ODC1		2.77	
AP2S1		2.77	
APLP2		2.76	
IDH2		2.76	
CELSR2		2.75	
MED8		2.75	
DRD5		2.75	
APOC3		2.75	
LPAR6		2.75	
TAGLN		2.74	
SRGN		2.74	
POLR2J2		2.74	
FSCN1		2.74	
CNOT1		2.74	
F7		2.73	
TEK		2.71	
AKAP13		2.71	
F10		2.71	
ING3		2.71	
TIMM23		2.7	
CIAO1		2.7	
NRXN1		2.7	
DNMT3A		2.7	
SRI		2.69	
HLA-G		2.69	
EPB41L3		2.68	
POLR2K		2.68	
TUBGCP5		2.68	
THY1		2.68	
RXRG		2.67	
PTMA		2.67	
ARHGEF25		2.67	
MUSK		2.67	
ASL		2.67	
COL22A1		2.66	
MORF4L2		2.66	
EBF1		2.65	
CHD9		2.65	
GRID2		2.64	
S100A11		2.64	
APH1A		2.64	
REN		2.64	
ADAM12		2.63	
PROKR2		2.63	
TG		2.63	
NME7		2.63	
GNG11		2.62	
OS9		2.61	
AHNAK		2.61	
NOTCH3		2.61	
HTR7		2.6	
RABAC1		2.6	
MACF1		2.6	
CDIPT		2.6	
CD151		2.59	
DIAPH2		2.59	
COX6A2		2.59	
FHL1		2.58	
OSTC		2.58	
LCT		2.58	
CRHR2		2.56	
CHMP5		2.56	
TRIO		2.56	
EPHA3		2.56	
NEB		2.55	
MX2		2.55	
FKBP8		2.55	
CNTNAP2		2.55	
BAZ1A		2.54	
HOXA7		2.54	
RELN		2.53	
SPOP		2.53	
SCN5A		2.53	
CACNA1E		2.52	
TMSB4X		2.52	
NOTCH4		2.5	
CDKN2B		2.5	
CALCB		2.49	
TUBB2B		2.49	
SMNDC1		2.49	
MED20		2.49	
TRA2A		2.48	
SYNE1		2.47	
GNG10		2.47	
PTS		2.47	
AES		2.47	
DYNC2H1		2.47	
NBR1		2.46	
RAB8B		2.46	
CALU		2.46	
LAMB4		2.46	
USP46		2.46	
RASSF2		2.46	
CDC34		2.45	
TRIM37		2.45	
RND1		2.45	
GLI3		2.45	
DBF4		2.44	
ADH1B		2.44	
AGL		2.43	
MYL12B		2.43	
CHP1		2.43	
ROBO1		2.43	
IGFBP4		2.43	
HIST1H2AE		2.42	
MYH3		2.42	
SLIT2		2.41	
IGFBP7		2.4	
DYNLT3		2.4	
GRM3		2.4	
NLRP3		2.4	
GAP43		2.4	
TAGLN2		2.4	
SNAP23		2.39	
STMN1		2.39	
PTPRB		2.38	
EFNA1		2.38	
ASXL1		2.38	
CCL3		2.38	
DOK2		2.37	
HIC1		2.37	
ROMO1		2.37	
MAP4K4		2.36	
ADCYAP1R1		2.36	
CNKSR2		2.36	
MRPS24		2.36	
DNAL4		2.35	
EIF2AK4		2.35	
OR2L13		2.35	
IFNA5		2.35	
NCR1		2.35	
PLXNA1		2.34	
MYL12A		2.34	
MYO5A		2.33	
BTG2		2.33	
MCF2L		2.33	
FGL2		2.33	
DBNL		2.33	
HIST1H1A		2.32	
CST3		2.32	
AK1		2.32	
CHCHD1		2.31	
SEMA3A		2.3	
HTRA1		2.3	
TREH		2.29	
PEBP1		2.29	
GSTT2B		2.28	
CACNA2D1		2.28	
ATP6V0B		2.27	
REST		2.27	
HLA-E		2.27	
PDGFD		2.27	
VEGFB		2.26	
CLIC1		2.25	
PMAIP1		2.25	
SACS		2.24	
EMP3		2.24	
OLIG2		2.24	
CHMP3		2.23	
MARCKS		2.23	
CIRH1A		2.23	
DPY30		2.23	
RAB11B		2.22	
EPHA5		2.22	
PNN		2.21	
IFITM1		2.21	
IGF2BP3		2.21	
EXOC3		2.21	
AOC3		2.21	
AIMP1		2.2	
GAD2		2.2	
CSPG5		2.19	
F8A3		2.19	
USP21		2.19	
GUSB		2.19	
DNAH7		2.18	
OR4N2		2.18	
OR4K5		2.18	
OR4C11		2.18	
OR10P1		2.18	
OR10T2		2.18	
OR6K2		2.18	
OR51I1		2.18	
OR5A2		2.18	
OR2AP1		2.18	
OR52N4		2.18	
OR5K4		2.18	
OR8K5		2.18	
OR52J3		2.18	
OR2AK2		2.18	
DOCK1		2.18	
MTAP		2.18	
HBE1		2.18	
GIGYF2		2.17	
MTG1		2.17	
DSG1		2.16	
C1QC		2.15	
CYTH3		2.15	
PIGA		2.15	
PFDN6		2.15	
ALDOC		2.14	
DDR1		2.14	
IGFBP2		2.14	
ARHGEF11		2.13	
POLRMT		2.13	
MT2A		2.12	
CHD8		2.11	
TXNIP		2.11	
TXK		2.11	
KHDRBS2		2.11	
MAGED2		2.1	
LTBP2		2.1	
SLX1B		2.09	
FGD1		2.09	
NUCB1		2.09	
MAGED1		2.09	
ACACA		2.09	
DNAH11		2.08	
CKB		2.08	
SBDS		2.08	
RXFP2		2.08	
DNAH9		2.08	
IGF2R		2.08	
DOCK2		2.07	
NAMPT		2.07	
DNAH2		2.06	
TSR2		2.05	
DNAH1		2.05	
C6		2.05	
FEZ1		2.03	
IFNA14		2.03	
MYH8		2.03	
HOXA10		2.03	
MAST1		2.03	
JAG2		2.03	
DST		2.03	
YKT6		2.02	
GRM7		2.02	
TSC22D4		2.02	
ATP2A3		2.02	
ABCG2		2.02	
MUC5B		2.02	
FUBP1		2.01	
DIAPH3		2.0	
TRMT112		2.0	
ERP29		2.0	
NELL1		2.0	
POSTN		2.0	
MYO1B		1.99	
ID3		1.99	
DNAH3		1.99	
SLC6A3		1.99	
CCDC85B		1.99	
HNF1B		1.98	
RB1CC1		1.98	
CSTB		1.98	
ARAP2		1.97	
NAA50		1.97	
TSPY3		1.97	
MARCO		1.97	
FZD9		1.96	
ATP2B1		1.96	
UTRN		1.96	
GABRA1		1.96	
WNK3		1.95	
TRIM22		1.95	
FBN2		1.95	
NOP14		1.95	
CD59		1.95	
MSL3		1.95	
PIP4K2B		1.95	
KDELR1		1.94	
LYST		1.94	
HIST3H2BB		1.94	
DDC		1.94	
SCN10A		1.94	
ITPR2		1.93	
PKMYT1		1.93	
FMOD		1.93	
IFNA8		1.93	
CNOT2		1.93	
UBE2D4		1.92	
FRK		1.92	
CABIN1		1.92	
TNR		1.92	
PCSK5		1.92	
HOXA11		1.92	
ADAM8		1.92	
CHCHD2		1.92	
AP1S1		1.91	
MPHOSPH6		1.91	
TIMM22		1.91	
ALOX5AP		1.91	
CDH13		1.91	
MEP1A		1.9	
DSTN		1.89	
ABCC9		1.89	
DNAH14		1.89	
MYH4		1.89	
BLVRA		1.89	
SPC24		1.89	
INPP5A		1.89	
PBRM1		1.88	
NOD2		1.88	
XPOT		1.88	
SND1		1.88	
COPE		1.88	
XRCC3		1.88	
PDE4C		1.87	
BSN		1.87	
MYH13		1.86	
MFAP2		1.85	
NKX3-1		1.85	
IFNA6		1.85	
INHBE		1.85	
MT3		1.85	
PRSS23		1.84	
HBB		1.84	
PRSS1		1.84	
NLGN1		1.84	
HTR3A		1.83	
TIAM2		1.82	
MSH4		1.81	
CDKL5		1.8	
APOC2		1.8	
PLS1		1.8	
CLOCK		1.8	
KCNF1		1.8	
PRDX5		1.79	
DPYSL3		1.79	
IRAK3		1.79	
TUSC3		1.79	
PSMC3IP		1.79	
SAA1		1.79	
HIP1		1.79	
LILRB1		1.79	
NFIX		1.79	
PRELP		1.78	
IGFBP6		1.78	
IFNA17		1.78	
MYCBP2		1.78	
BGLAP		1.78	
RERE		1.78	
TAF13		1.76	
PTPRE		1.76	
ST14		1.76	
PCGF1		1.76	
GRM4		1.76	
CYTH2		1.76	
SSX2B		1.76	
DLC1		1.75	
TIMP4		1.75	
ITM2B		1.75	
ANKRD1		1.75	
TNFSF13B		1.75	
DNAJC19		1.75	
PSAT1		1.75	
LIPA		1.75	
STAG1		1.74	
PRKAG2		1.74	
ISG20		1.74	
TOMM5		1.73	
PTGDS		1.73	
SGCD		1.73	
S100A12		1.73	
SEMG1		1.72	
CHMP4B		1.72	
HOXA5		1.72	
FASTK		1.72	
ZNHIT3		1.72	
TAF4B		1.71	
GLO1		1.71	
BCLAF1		1.71	
MLF2		1.71	
ENPP2		1.71	
SPARCL1		1.7	
MRPS22		1.7	
CCL18		1.7	
FLOT1		1.69	
PHKB		1.69	
MLXIPL		1.69	
ATP6V1G1		1.68	
ARID1B		1.68	
ATP6V1F		1.68	
ELMO1		1.68	
SPTBN5		1.68	
PCGF2		1.68	
XRN2		1.68	
BRF1		1.67	
EXOSC6		1.67	
KIF26A		1.66	
CIRBP		1.66	
AQP1		1.66	
AQP4		1.65	
ROS1		1.65	
CHMP4A		1.65	
GGT5		1.65	
CTAG1B		1.65	
IFNA21		1.65	
IFNA16		1.65	
GDF15		1.64	
CHPF		1.64	
APBB1IP		1.64	
SCN2A		1.63	
NIPBL		1.63	
CFL2		1.63	
PAX8		1.63	
RIMS2		1.63	
CFH		1.63	
IKZF1		1.63	
DLG5		1.63	
PCOLCE		1.63	
DGKB		1.62	
STMN2		1.62	
SRSF10		1.61	
PKP4		1.61	
KDELR2		1.61	
EID1		1.61	
MCCC1		1.61	
MOB1A		1.6	
AHSP		1.6	
PSPH		1.6	
MAPK4		1.6	
PLXNA4		1.59	
RTN4		1.59	
TOMM6		1.59	
ABCB4		1.59	
MLC1		1.59	
ATP1B2		1.59	
KIF5A		1.58	
PIP4K2C		1.58	
SCN1A		1.58	
RABGEF1		1.58	
POM121		1.58	
MEIS2		1.57	
TADA2B		1.57	
NGEF		1.57	
DEFB103B		1.57	
NRXN3		1.56	
VSIG4		1.56	
PDE4DIP		1.55	
CHMP7		1.55	
ATP2B4		1.55	
STOML2		1.55	
FLG		1.55	
ADAMTS5		1.54	
UGCG		1.54	
DNAH6		1.54	
ARF4		1.53	
CPE		1.53	
CCL1		1.53	
PI3		1.53	
PRPF38B		1.53	
DUSP6		1.53	
CACNG4		1.53	
NDRG2		1.53	
FKBP6		1.52	
PSD3		1.52	
COX17		1.52	
SLPI		1.52	
PPAT		1.52	
NGB		1.52	
MAOB		1.52	
SHANK1		1.52	
DNAH10		1.52	
ARHGAP6		1.51	
DSCAM		1.51	
DCT		1.51	
DPYD		1.51	
NUDT1		1.5	
HERC1		1.5	
CLSTN1		1.5	
CTNNA2		1.5	
SSU72		1.49	
GAGE12F		1.49	
GAGE12G		1.49	
MYOCD		1.49	
SURF4		1.49	
SCG2		1.49	
TMED9		1.49	
DSC3		1.49	
AGAP2		1.49	
CUL7		1.48	
DOCK5		1.48	
DRAP1		1.48	
PCID2		1.48	
DOCK6		1.48	
RREB1		1.47	
MTPN		1.47	
GSTM5		1.47	
LFNG		1.47	
AMOTL2		1.47	
LDB3		1.46	
PLAA		1.46	
CATSPERB		1.46	
EXOSC1		1.46	
PPT1		1.46	
BBS2		1.45	
AMELY		1.45	
ID4		1.44	
GP1BB		1.44	
IL1RAP		1.44	
AEBP1		1.42	
TANC1		1.42	
TPP1		1.42	
BCORL1		1.42	
TNFRSF11A		1.42	
CDH9		1.41	
PGK2		1.41	
SYT11		1.41	
RHAG		1.41	
CHN2		1.41	
RASD1		1.41	
SRY		1.41	
GPNMB		1.41	
NFAT5		1.41	
GPT		1.4	
ARHGEF5		1.4	
VAMP8		1.4	
SCN3A		1.39	
WFS1		1.39	
FIS1		1.39	
SGCE		1.39	
EXT2		1.39	
GNAT3		1.39	
AFF2		1.38	
KCNB2		1.38	
VPS37D		1.38	
TRPV5		1.38	
C19orf53		1.38	
WRNIP1		1.37	
DLGAP2		1.37	
SEC22B		1.37	
MRPS18B		1.37	
SGCB		1.37	
FOXP2		1.37	
BIK		1.37	
FAM107A		1.37	
HERC2		1.36	
CENPB		1.36	
ARHGAP9		1.36	
TRO		1.36	
GBAS		1.36	
ARF5		1.36	
EFNA2		1.35	
CWC25		1.35	
PLP1		1.35	
SARS2		1.35	
CLDN5		1.35	
KCNH8		1.35	
BMF		1.34	
MAGEC1		1.34	
APOC1		1.34	
COPS8		1.33	
PHKG1		1.33	
UBR4		1.32	
APOD		1.32	
CLEC10A		1.32	
STOM		1.31	
TMPRSS15		1.31	
HSPB8		1.31	
NLRP12		1.31	
MRRF		1.31	
BCL11A		1.3	
EVPL		1.3	
DBI		1.3	
MINPP1		1.3	
METTL23		1.3	
DMRTA1		1.29	
MOS		1.29	
RAI1		1.29	
WNT6		1.29	
MGAM		1.28	
ANKS1B		1.28	
MYL7		1.28	
PARP4		1.28	
DUSP14		1.27	
SLC12A5		1.27	
EIF3CL		1.27	
TBL2		1.26	
KCNQ5		1.26	
LZTR1		1.26	
NPC2		1.26	
DTX3		1.25	
PRX		1.25	
PLEKHG5		1.24	
PTPRM		1.24	
CD24		1.24	
ATP11B		1.24	
PTPRN2		1.24	
NSUN5		1.24	
DTX2		1.23	
BRMS1L		1.23	
MMP28		1.23	
CEL		1.23	
YLPM1		1.23	
TFF1		1.23	
ARSA		1.22	
EXOC1		1.22	
HOXA4		1.22	
IFI6		1.21	
DSG3		1.21	
TRPV6		1.21	
ADAMTS9		1.21	
EPPK1		1.21	
PHF12		1.21	
MAP1LC3C		1.2	
EPHA6		1.2	
KCNC2		1.2	
RRAGA		1.2	
SOCS7		1.19	
H1FX		1.19	
NNAT		1.19	
ANP32B		1.19	
GRIN3A		1.18	
PPP1R3C		1.18	
OBSCN		1.18	
CCL15		1.18	
CLIC5		1.18	
CTSC		1.18	
TSPAN7		1.17	
ARID2		1.17	
ABCB8		1.17	
HOXD10		1.17	
STAB1		1.16	
PTMS		1.16	
GABRA6		1.16	
COX6B2		1.16	
CLDN3		1.16	
TMSB4Y		1.16	
GPX3		1.16	
PDRG1		1.16	
MIS18BP1		1.16	
PCDHGC3		1.16	
PSMG3		1.16	
CD99		1.16	
TCHH		1.16	
GLRX5		1.15	
MARCKSL1		1.15	
FXYD6		1.15	
PCSK2		1.15	
CLIC4		1.15	
ACAN		1.15	
UGT1A6		1.14	
TMPRSS2		1.14	
MICAL3		1.14	
PHF21A		1.14	
TRIM50		1.14	
ROBO2		1.14	
MSTN		1.14	
MPST		1.13	
KRT13		1.13	
PMP22		1.13	
SYNE2		1.13	
HOXA13		1.13	
UNC13A		1.12	
STEAP3		1.12	
ABCB6		1.12	
SLCO1B1		1.12	
SOX8		1.12	
UNC13B		1.12	
POLQ		1.12	
NCOA4		1.11	
KCNH4		1.11	
PROZ		1.1	
MFN1		1.1	
CDH18		1.1	
FXYD1		1.1	
ZBTB20		1.1	
CNP		1.1	
GPSM3		1.09	
HES7		1.09	
NOL7		1.09	
MYO15A		1.09	
MRFAP1		1.08	
CAPG		1.08	
TREM2		1.08	
HOXA2		1.08	
NHLH2		1.07	
DOCK8		1.07	
DEFA1B		1.07	
IFNA10		1.07	
LALBA		1.06	
DBP		1.06	
SYT2		1.06	
LRRN2		1.06	
CDAN1		1.06	
ARC		1.06	
RBP3		1.06	
PIGR		1.06	
IL12A		1.06	
PCLO		1.06	
PON2		1.05	
JPH1		1.05	
MMP26		1.05	
RNF43		1.05	
TACC2		1.05	
MASTL		1.05	
OLIG1		1.04	
ARID3A		1.04	
RAB3IP		1.03	
PCDHA4		1.03	
JTB		1.03	
RSF1		1.03	
LRRK1		1.03	
SASH3		1.03	
PPP1R9A		1.03	
BST2		1.03	
NOA1		1.03	
MYO1D		1.02	
IFITM3		1.02	
HINT2		1.02	
USP33		1.02	
UBE2J2		1.02	
MYT1		1.02	
CNTN4		1.01	
C4BPA		1.01	
CHST14		1.01	
BCL7B		1.01	
ATP6V0E1		1.0	
SCG5		1.0	
GRM8		1.0	
GTF3C2		1.0	
STK33		1.0	
CD209		1.0	
HECW1		1.0	
TMSB10		1.0	
DPM2		1.0	
SYCP2		0.99	
MYO3A		0.99	
ANAPC16		0.99	
CDK2AP1		0.99	
SRPX		0.99	
SLC25A13		0.99	
HOXA3		0.99	
ATP11A		0.99	
ZFHX3		0.99	
HOXA6		0.98	
ZNF593		0.98	
KIF2B		0.98	
BLOC1S2		0.98	
BRIP1		0.98	
CDY2B		0.97	
SLC4A2		0.97	
LANCL2		0.97	
FAM120C		0.97	
RIPK4		0.96	
MUC4		0.96	
FAT2		0.96	
SPATA13		0.96	
PAPSS2		0.95	
TPSG1		0.95	
SI		0.95	
ATP6V0E2		0.95	
GRTP1		0.95	
KEL		0.95	
DEPDC5		0.95	
MOSPD1		0.95	
DEFB106B		0.95	
CRIP2		0.94	
DKK3		0.94	
CCDC33		0.94	
TEX15		0.94	
MEST		0.94	
PDPN		0.94	
UGT1A10		0.94	
UGT1A9		0.94	
GPM6B		0.94	
UGT1A5		0.93	
PEG10		0.93	
SUMF2		0.93	
RCAN1		0.93	
PCK2		0.93	
AHCYL1		0.93	
ARL6IP5		0.93	
ADAMTSL1		0.93	
LANCL1		0.93	
ATP8B4		0.92	
CDH12		0.92	
SH3BGRL3		0.92	
B4GALNT1		0.92	
DCHS1		0.92	
NBEA		0.91	
CTDSP2		0.91	
ABCC5		0.91	
ZFP36L2		0.91	
DSC1		0.91	
BMP2K		0.91	
IL17RA		0.91	
FIGNL1		0.91	
IFITM2		0.91	
TRPM4		0.91	
RFX3		0.9	
SPINK1		0.9	
SGCZ		0.9	
ANXA8		0.9	
LTBP4		0.9	
MYPN		0.9	
VKORC1L1		0.89	
STRA13		0.89	
PLTP		0.89	
NRGN		0.89	
HOXD3		0.89	
RND2		0.89	
LHX9		0.89	
UMOD		0.89	
TMBIM6		0.89	
PIGT		0.88	
CRABP1		0.88	
CELSR1		0.88	
CREB5		0.88	
STMN3		0.88	
ABHD11		0.87	
DCUN1D2		0.87	
AIF1		0.87	
OLFM2		0.87	
HR		0.87	
PDZD2		0.87	
PSG9		0.87	
RBFOX1		0.87	
FLG2		0.87	
SOX1		0.87	
SCNM1		0.87	
SLC1A3		0.87	
POP4		0.87	
UGT1A7		0.86	
CHIC2		0.86	
FDX1		0.86	
RHOC		0.86	
TPPP3		0.86	
PIWIL1		0.86	
UGT1A8		0.86	
RTN3		0.86	
MRM1		0.86	
USH2A		0.85	
TAF1L		0.85	
CUBN		0.85	
CDH7		0.85	
MAGEA9B		0.85	
MEA1		0.85	
SOX11		0.85	
PTPRT		0.85	
ASB10		0.85	
SH3BGRL		0.85	
BZW2		0.85	
SPRED1		0.84	
MSMB		0.84	
ALOX15B		0.84	
NETO1		0.84	
KIF3C		0.84	
KSR2		0.84	
MLANA		0.84	
FKBP9		0.84	
PHPT1		0.84	
SNX3		0.84	
SYCE1		0.83	
SPAG11A		0.83	
SEMA3C		0.83	
FNIP1		0.83	
ELAVL2		0.83	
CCL23		0.82	
S100A13		0.82	
RALGPS2		0.82	
PRR13		0.82	
IL1RAPL1		0.82	
FAT1		0.82	
EVX1		0.82	
SLAIN2		0.82	
ATAD1		0.82	
RAMP1		0.81	
CYP4F11		0.81	
EPHA8		0.81	
SAP25		0.81	
NHLH1		0.81	
SAT2		0.81	
FBXO17		0.81	
CPVL		0.81	
PEA15		0.8	
KIF26B		0.8	
KLHL9		0.8	
PPP1R3A		0.8	
HES4		0.8	
LRBA		0.8	
FRAT2		0.8	
YEATS2		0.8	
NPTX2		0.8	
FABP7		0.8	
DCAF8		0.79	
UGT1A4		0.79	
SYNRG		0.79	
LAX1		0.79	
HIST1H2AD		0.79	
MRPL51		0.79	
METTL1		0.79	
FADS2		0.78	
COMMD3		0.78	
C12orf57		0.78	
HSPB6		0.78	
DLX6		0.78	
HYDIN		0.78	
RAMP3		0.78	
SLC27A5		0.78	
MT1X		0.77	
MLLT6		0.77	
CCNI		0.77	
NUPR1		0.77	
AMPD3		0.77	
LTBR		0.77	
JOSD1		0.77	
AKAP11		0.77	
OST4		0.77	
HCN1		0.76	
RABEPK		0.76	
PFKFB1		0.76	
CENPW		0.76	
PPP6R2		0.76	
ZCCHC10		0.76	
CTNNA3		0.76	
GLYAT		0.76	
SLC45A1		0.76	
ZNF655		0.76	
TMEM165		0.76	
PCDH11X		0.76	
EBF3		0.76	
DUSP23		0.76	
HLA-DPB1		0.76	
FBN3		0.76	
ZNF385A		0.76	
NNMT		0.75	
MAGEE1		0.75	
MT1G		0.75	
FMN2		0.75	
GTF2IRD2		0.75	
CLEC14A		0.75	
ERAP2		0.75	
POLM		0.75	
SCCPDH		0.75	
TXNL4B		0.75	
NSD1		0.75	
SERINC1		0.74	
USP37		0.74	
BCOR		0.74	
HRK		0.74	
PARL		0.74	
TAL2		0.74	
HIVEP3		0.74	
TRIM74		0.74	
GABRB2		0.74	
SETBP1		0.74	
HES6		0.74	
RAPGEF5		0.73	
PMP2		0.73	
PRY		0.73	
DEFB105B		0.73	
TNFRSF13C		0.73	
PRSS2		0.73	
CSRNP1		0.73	
S100A16		0.73	
LPCAT1		0.72	
IFNA4		0.72	
ZNF84		0.72	
DHRS11		0.72	
N4BP2		0.72	
ZNRF2		0.72	
SQLE		0.72	
SLIT3		0.72	
MZF1		0.72	
TBX22		0.71	
FAM98B		0.71	
ADAMTS12		0.71	
ERC2		0.71	
HIBADH		0.71	
PDCL2		0.71	
NUDCD3		0.71	
ARL6IP1		0.71	
TRPM2		0.71	
BIRC6		0.71	
GALNT14		0.7	
TAX1BP1		0.7	
BROX		0.7	
PTTG1IP		0.7	
VAT1		0.7	
NLRP4		0.69	
PPP4R1		0.69	
PBXIP1		0.69	
LRRC7		0.69	
NLRP7		0.69	
NMB		0.69	
OTOF		0.69	
TSPAN31		0.69	
ADAMTS16		0.69	
TCF15		0.69	
PKHD1		0.68	
RBMY1A1		0.68	
RHPN2		0.68	
LHX1		0.68	
DCAF5		0.67	
TRAPPC1		0.67	
CARD11		0.67	
RGPD3		0.67	
NLRP11		0.67	
HLA-DPA1		0.67	
NFKBIL1		0.67	
HBM		0.67	
CDC42EP4		0.67	
SERF1B		0.67	
ASCC1		0.66	
STAB2		0.66	
RIMBP2		0.66	
LY9		0.66	
MT1E		0.66	
RAB31		0.66	
SAMD9L		0.66	
IL22		0.66	
CACNA2D2		0.66	
YY1AP1		0.65	
AQP6		0.65	
CHTF8		0.65	
LRP1B		0.65	
CLDN4		0.65	
DKK4		0.64	
NLRP5		0.64	
TBRG4		0.64	
CADPS2		0.64	
SDS		0.64	
ATP4B		0.64	
JPH2		0.64	
PCDHA6		0.63	
H2AFB3		0.63	
RHBDD2		0.63	
RAB11FIP4		0.63	
FRAS1		0.63	
SLURP1		0.63	
KLHL24		0.62	
GPM6A		0.62	
SPEG		0.62	
SAMD9		0.62	
VGF		0.61	
RAB38		0.61	
ABCA7		0.61	
USP34		0.61	
WNK2		0.61	
FAT4		0.61	
HMGN2		0.61	
NOL8		0.61	
MRPS17		0.6	
CYP27B1		0.6	
BEX1		0.6	
BDH1		0.6	
TNFRSF12A		0.6	
ZNF219		0.6	
ANXA8L1		0.6	
LAPTM4B		0.59	
TGIF2LY		0.59	
NLRP1		0.59	
CCL14		0.59	
KLHDC3		0.59	
ATP8A2		0.59	
MIXL1		0.59	
INHBC		0.59	
MUC17		0.58	
ACMSD		0.58	
ATP8B3		0.58	
RASL11B		0.58	
CT45A1		0.58	
FILIP1		0.57	
IER3IP1		0.57	
AOX1		0.57	
HSBP1		0.57	
HTR3D		0.57	
MTUS2		0.57	
HTR3C		0.57	
HTR3E		0.57	
NEK7		0.57	
CREG1		0.57	
DPM3		0.56	
RALGAPA1		0.56	
ITGBL1		0.56	
NPC1L1		0.56	
OBSL1		0.56	
TLL1		0.56	
LAPTM4A		0.56	
OCIAD2		0.56	
UNC45B		0.56	
ACADS		0.55	
WFDC5		0.55	
FAM162A		0.55	
H2AFB1		0.55	
CHI3L2		0.55	
HRNR		0.55	
MUC16		0.55	
CRCP		0.55	
IFNW1		0.55	
C18orf32		0.54	
DOCK10		0.54	
AARSD1		0.54	
TRPA1		0.54	
TNFSF15		0.54	
PLEKHA6		0.54	
CNN3		0.54	
CHI3L1		0.54	
DEFB107B		0.53	
RHEBL1		0.53	
BOLA1		0.53	
NAV3		0.53	
SULT1C2		0.53	
SLC6A1		0.53	
PCDH15		0.53	
BRK1		0.53	
DCUN1D4		0.53	
RNPEP		0.53	
AGBL2		0.52	
FSIP1		0.52	
SCGB1D2		0.52	
FAM156B		0.52	
CLPTM1L		0.52	
TOP1MT		0.52	
DNAH5		0.52	
GREB1		0.52	
IL26		0.52	
SCAF8		0.52	
VOPP1		0.52	
CIC		0.51	
FRY		0.51	
CACNA2D4		0.51	
DNLZ		0.51	
OCIAD1		0.51	
PDZRN3		0.51	
CSMD2		0.51	
SRCIN1		0.51	
DACT3		0.51	
BRDT		0.5	
RGPD6		0.5	
TRIM73		0.5	
NSMCE4A		0.49	
RPE65		0.49	
RASL10B		0.49	
PPM1J		0.49	
PSPN		0.49	
MAGEA8		0.49	
SLC5A7		0.49	
HSFX2		0.49	
SCN7A		0.49	
CTRB2		0.49	
CTSZ		0.49	
CAMTA1		0.48	
PUSL1		0.48	
PTPRR		0.48	
COBL		0.48	
DCLK2		0.48	
SSX5		0.48	
MRC2		0.48	
SYNGR3		0.48	
DSG4		0.48	
ETNK2		0.48	
CHD5		0.48	
SDK1		0.47	
RNF213		0.47	
SCGB2A1		0.47	
UTF1		0.47	
ZNF429		0.47	
PCSK1N		0.47	
BOLA2B		0.47	
HIGD1A		0.46	
ZC3H11A		0.46	
SPOCK2		0.46	
FABP5		0.46	
TNRC18		0.46	
SCGB3A2		0.46	
MOB3B		0.46	
OLIG3		0.46	
PAPPA2		0.46	
ASCL3		0.46	
ZNF132		0.46	
C2orf49		0.45	
ZNF138		0.45	
CXCL17		0.45	
RADIL		0.45	
ADAM28		0.45	
SPSB2		0.45	
TRIB2		0.45	
PIGW		0.45	
TBC1D3F		0.45	
RAB7B		0.45	
SPATA18		0.45	
PCDHA7		0.44	
CCNO		0.44	
CSMD1		0.44	
KCNU1		0.44	
CITED4		0.44	
IFNA7		0.44	
ITM2C		0.44	
APOM		0.44	
LCN9		0.43	
TSPY4		0.43	
TRPM6		0.43	
TRPC7		0.43	
SOX13		0.43	
ABHD13		0.43	
TMEM14B		0.43	
FCRL6		0.43	
LCN8		0.43	
HORMAD1		0.43	
ABCB5		0.43	
LIMCH1		0.43	
AVL9		0.43	
TMCO3		0.42	
SDK2		0.42	
KIF16B		0.42	
DEFB110		0.42	
RBMY1B		0.42	
GOLT1A		0.42	
RNF122		0.42	
RP1		0.42	
CNTN5		0.42	
UNC79		0.42	
ZNF804B		0.41	
FAM83H		0.41	
SCN9A		0.41	
CLEC11A		0.41	
BCAP29		0.41	
ETV7		0.41	
DEFB121		0.41	
SLC9A4		0.4	
MRPL52		0.4	
CNPY2		0.4	
SNX33		0.4	
CD96		0.4	
TIGD1		0.4	
CACNA2D3		0.4	
TRPM3		0.4	
PKD1L1		0.4	
GRINA		0.4	
TMEM176B		0.4	
IRGM		0.4	
C1orf43		0.4	
RBMY1J		0.4	
SMOC1		0.39	
MAP7D3		0.39	
HIGD2A		0.39	
SEMA3E		0.39	
ZPBP		0.39	
HAGHL		0.39	
ACER2		0.39	
FNDC5		0.39	
GCHFR		0.39	
PIWIL2		0.38	
DMRTC1B		0.38	
CT47B1		0.38	
ARHGAP20		0.38	
MTCH1		0.38	
ADAMTS6		0.38	
AUTS2		0.38	
DENND1C		0.38	
LST1		0.38	
CIAPIN1		0.38	
ANKRD10		0.38	
NCLN		0.37	
LINGO2		0.37	
DUSP22		0.37	
IMPG2		0.37	
SNN		0.37	
CST6		0.37	
FRMPD2		0.37	
SLC25A38		0.37	
SCD5		0.36	
LYPD1		0.36	
PECR		0.36	
NAV2		0.36	
AHNAK2		0.36	
MRPL45		0.35	
SRRM4		0.35	
METTL7B		0.35	
VAMP5		0.35	
CCDC167		0.35	
RBMY1D		0.35	
CT45A5		0.35	
R3HDM2		0.34	
NOTUM		0.34	
GGNBP2		0.34	
CRB2		0.34	
SCN11A		0.34	
TMED4		0.34	
ZNF385B		0.34	
MRGPRX3		0.34	
SLC25A35		0.34	
APLNR		0.34	
FAM207A		0.33	
LZIC		0.33	
IMPG1		0.33	
TMBIM1		0.32	
C19orf73		0.32	
PGA3		0.32	
PGA4		0.32	
SPINT4		0.31	
SERPINB10		0.31	
PRLH		0.31	
DCAF12L1		0.31	
KCNJ8		0.31	
DNAJC30		0.31	
ATP10A		0.31	
FRMPD4		0.31	
POC1B		0.31	
NCKAP5		0.31	
USP51		0.31	
CSMD3		0.31	
PLEKHB1		0.31	
ANKRD30A		0.3	
NBPF1		0.3	
SSPO		0.3	
NBPF11		0.3	
COA5		0.3	
ODF3L2		0.3	
HMCN1		0.3	
TTC36		0.3	
SCGB3A1		0.3	
ZNF705G		0.3	
COMMD2		0.3	
SNRNP25		0.3	
C3orf36		0.3	
PCDHGA12		0.3	
ACBD4		0.3	
FAM133B		0.3	
C11orf71		0.3	
CCM2		0.3	
CYB561D2		0.3	
TTYH3		0.3	
FAM133A		0.3	
CT62		0.3	
OPTC		0.3	
BNC2		0.3	
IL31RA		0.3	
TMEM54		0.3	
GDF2		0.3	
NDST4		0.3	
EYS		0.29	
TRIM72		0.29	
PIK3R6		0.29	
SPINT3		0.29	
MAST4		0.28	
PPDPF		0.28	
METTL7A		0.28	
METRN		0.28	
WLS		0.28	
ARL9		0.27	
BBIP1		0.27	
SAMD1		0.27	
EXPH5		0.27	
GSTT2		0.27	
XIRP2		0.27	
TMX2		0.27	
NALCN		0.27	
CUTA		0.27	
UBQLN3		0.27	
SCARA3		0.27	
TCTN1		0.27	
TPST1		0.26	
PSG4		0.26	
TSPAN3		0.26	
BEX4		0.26	
VPS13B		0.26	
DAZ4		0.26	
STARD7		0.26	
ITM2A		0.26	
NENF		0.26	
CBWD5		0.26	
MDM1		0.26	
CADM4		0.25	
H2AFJ		0.25	
CPAMD8		0.25	
CTXN1		0.25	
KIAA1217		0.25	
SPEF2		0.25	
TTYH1		0.25	
CLIP3		0.25	
IFNK		0.25	
ZNF292		0.25	
LRIG3		0.25	
BAALC		0.25	
ZNF488		0.24	
DCHS2		0.24	
VASH1		0.24	
NEGR1		0.24	
RNF17		0.24	
IGFN1		0.24	
ZNF530		0.24	
RIMBP3C		0.24	
DENND2A		0.24	
CT45A6		0.23	
CCL4L2		0.23	
TP53TG3		0.23	
CCDC39		0.23	
DPP10		0.23	
PATE4		0.23	
HSBP1L1		0.23	
OTOP3		0.22	
ZNF511		0.22	
SDHAF1		0.22	
CFC1		0.22	
KRTAP20-3		0.2	
KRTAP23-1		0.2	
PRR20D		0.2	
PRR20E		0.2	
KRBA1		0.2	
TMCO5A		0.2	
KRTAP19-7		0.2	
PRR20A		0.2	
ABCA6		0.2	
ABCA9		0.2	
LCE3B		0.2	
PRR9		0.2	
PRR20B		0.2	
PRR20C		0.2	
KIAA1958		0.2	
OR13C3		0.2	
POM121L12		0.2	
TUSC1		0.2	
SVEP1		0.0	
TRHDE		0.0	
FAM135B		0.0	
PCDHA5		0.0	
PCDHA8		0.0	
PCDHA3		0.0	
TSHZ2		0.0	
ADARB2		0.0	
THSD7A		0.0	
CROCC		0.0	
FGD5		0.0	
GALNTL6		0.0	
INCA1		0.0	
SPATA24		0.0	
MORN2		0.0	
PNMA6A		0.0	
SWI5		0.0	
C22orf39		0.0	
B3GALT2		0.0	
C9orf16		0.0	
MMP23B		0.0	
